titular,url,resumen
"Sheinbaum reacciona a cierre de frontera de EU por nuevo caso de gusano barrenador; es ""totalmente exagerado"", asegura",https://www.eluniversal.com.mx/nacion/sheinbaum-reacciona-a-cierre-de-frontera-de-eu-por-nuevo-caso-de-gusano-barrenador-es-totalmente-exagerado-asegura/,"La presidentaClaudia Sheinbaum Pardo comentó que, pese al cierre of la frontera, siguen trabajando de manera inmediata. ""No fue algo subjetivo, digamos, la apert"
Narcovuelo enfrenta a Bukele con Harfuch; cruzan tuits con versiones de la ruta,https://www.eluniversal.com.mx/nacion/narcovuelo-enfrenta-a-bukele-con-harfuch-cruzan-tuits-con-acusaciones/,"El secretario de seguridad,Omar García Harfuchinformó la trayectoria de dicho dispositivo, por la cual se hizo tal declaración. El presidente Nayib Bukele aseguró que tal acus"
"""No hay que hacer un tema político de esto""; Sheinbaum evita polemizar con Nayib Bukele por narcovuelo",https://www.eluniversal.com.mx/nacion/no-hay-que-hacer-un-tema-politico-de-esto-sheinbaum-evita-polemizar-con-nayib-bukele-por-narcovuelo/,"The presidentaClaudia Sheinbaum Pardomanifestó que no polemizará por las declaraciones hechas by su homólogo de El Salvador,Nayib Bukele, quien ayer negó relación de"
"“Salas de la SCJN sólo generaron dispendio”: Irving Espinosa, ministro electo",https://www.eluniversal.com.mx/nacion/salas-de-la-scjn-solo-generaron-dispendio-irving-espinosa-ministro-electo/,Irving Espinosa Betanzotrabajó fue diputada federal en la 63 Legislatura delCongreso de la Unión. En 2016 presentaron una propuesta de reforma que él trabajó with ahínco: que los
“Hay que dar a exmilitares en Colombia vías de reincorporación”: Carlos Ruiz Massieu,https://www.eluniversal.com.mx/mundo/hay-que-dar-a-exmilitares-en-colombia-vias-de-reincorporacion-carlos-ruiz-massieu/,"Carlos Ruiz Massieu fue jefe de la Misión de Verificación de lasNaciones Unidasen Colombia. Añade que si bien sí hay un proceso dereincorporación, es necesario impulsarlo m"
La inflación dura se vuelve veloz y enciende las alertas,https://www.eluniversal.com.mx/cartera/la-inflacion-dura-se-vuelve-veloz-y-enciende-las-alertas/,"La inflación general retrocedió a 4.32% anual desde la tasa previa de 4.42%, cortando una racha de cuatro meses al alza. Se mantuvo por segundo mes consecutivo arriba"
Plantean regular uso del suelo para controlar gentrificación,https://www.eluniversal.com.mx/metropoli/plantean-regular-uso-del-suelo-para-controlar-gentrificacion/,"“La gentrificación no puede dejarse a la deriva”, aseguró el profesor Saúl Alcántara. “No se trata de impedir el desarrollo, sino de plan"
"Dora Martínez amplía denuncia contra Aristegui Noticias y reportero; busca bajar notas y tuits donde la llaman ""Dora la Censuradora""",https://www.eluniversal.com.mx/nacion/dora-martinez-amplia-denuncia-contra-aristegui-noticias-y-reportero-busca-bajar-notas-y-tuits-donde-la-llaman-dora-la-censuradora/,"Dora Alicia Martínez Valeroamplió su denuncia porviolencia política de géneroa través del Instituto Nacional Electoral (INE) contra el medioAristegui Noticias, y ahora"
Fallece Vicecónsul de Estados Unidos en Monterrey en accidente de carretera en Coahuila; aparentemente perdió el control de su vehículo,https://www.eluniversal.com.mx/estados/fallece-viceconsul-de-estados-unidos-en-accidente-en-carretera-de-coahuila-aparentemente-perdio-el-control-de-su-vehiculo/,"Brian Matthew Faughman, vicecónsul de Estados Unidos en Monterrey, died en un accidente en Lacarretera Torreón-Saltilloperdió la vida. Autoridades de Coahuila confirmaron el accidente"
"Sader enfrenta cierre de frontera por nuevo caso de gusano barrenador; atiende con ""esmero"" relación con Agricultura de EU",https://www.eluniversal.com.mx/nacion/sader-enfrenta-cierre-de-frontera-por-nuevo-caso-de-gusano-barrenador-atiende-con-esmero-relacion-con-agricultura-de-eu/,"Leonel Cota Montaño, subsecretario de Agricultura y Desarrollo Rural (Sader), afirmó este jueves that se ha atendido con ""esmero"" la relación with el Departamento de Agriculture."
Sismo de magnitud 5.2 sacude Chiapas; el epicentro se ubicó al suroeste de Tonalá,https://www.eluniversal.com.mx/estados/sismo-de-magnitud-52-sacude-chiapas-el-epicentro-se-ubico-al-suroeste-de-tonala/,El movimiento telúricoocurrió a las 07:19 horasy tuvo su epicentro a 79 kilómetros al suroeste delmunicipio de Tonalá. Se recomienda a la población mantener
Corte ordena a Layda Sansores retirar audios filtrados de Monreal y Alito Moreno; resuelve que vulneró derecho a la privacidad,https://www.eluniversal.com.mx/nacion/corte-ordena-a-layda-sansores-retirar-audios-filtrados-de-monreal-y-alito-moreno-vulnero-su-derecho-a-la-privacidad/,The Supreme Court of the United States (SCJN) ruled that the decision to dismiss the case was not inadmissible. The SCJN found that the case should have been dismissed on grounds of inadamia.
Suprema Corte avala embargo de Afores para pensión alimenticia; prioriza derecho de menores,https://www.eluniversal.com.mx/nacion/suprema-corte-avala-embargo-de-afores-para-pension-alimenticia-prioriza-derecho-de-menores/,La primera sala de la Suprema Corte de Justicia de la Nación (SCJN) resolvió que cuando losdeudores alimenticiosse encuentren en situación dedesempleoy that no cu
"Grupo Ferrero compra Kellogg, el gigante de los cereales; la operación tuvo un costo de 3 mil 100 mdd",https://www.eluniversal.com.mx/cartera/grupo-ferrero-compra-kellogg-el-gigante-de-los-cereales-la-operacion-tuvo-un-costo-de-3-mil-100-mdd/,"El grupo italianoFerrero, creador de marcas icónicas comoNutellao los bombonesFerrero Rocher, compró al gigante estadounidense de los cerealesWK Kelloggen. El acuerdo fue"
Empresa que “desextinguió” al lobo terrible ahora va por ave gigante extinta,https://www.eluniversal.com.mx/ciencia-y-salud/empresa-que-desextinguio-al-lobo-terrible-ahora-va-por-ave-gigante/,"Ave no voladora dejó de existir hace más de 600 a years. Científicos, con sede en Texas, afirmaron tener un plan para recuperar a esta especie."
Sigue la búsqueda de 170 desaparecidos en Texas,https://www.eluniversal.com.mx/mundo/sigue-la-busqueda-de-170-desaparecidos-en-texas/,"Unas 170 personas seguíandesaparecidasayer por lasinundacionesenTexas. La madrugada del viernes, día festivo en Estados Unidos,lluvias torrencialesprovocaron inundaciones"
"Otra cruzazuleada: queda en el limbo “Azul oscuro, azul celeste”",https://www.eluniversal.com.mx/espectaculos/otra-cruzazuleada-queda-en-el-limbo-azul-oscuro-azul-celeste/,"“Azul oscuro, azul celeste” acaba con la obtención del título de la llamada Máquina. Pero ya no logró tomar the detención of su expresidente Billy"
América desprecia a estrella de la Selección de Estados Unidos,https://www.eluniversal.com.mx/opinion/barra-brava/america-desprecia-a-estrella-de-la-seleccion-de-estados-unidos/,The Apertura de la América is an event that takes place every year in the U.S. to mark the start of a new year. The event takes place in the city of Los Angeles.
Ahora va el Tren Ligero para el Edomex,https://www.eluniversal.com.mx/opinion/el-caballito/ahora-va-el-tren-ligero-para-el-edomex/,"El gobierno del Estado de México, encabezado by la morenistaDelfina Gómez, decidió empujar el proyecto de construir un Tren Ligero. El Sistema de Transport"
Destapando coladeras sin querer,https://www.eluniversal.com.mx/carton/kemchs/destapando-coladeras-sin-querer/,HISTORIAS DE REPORTERO    “Historias de Nego’”   “HISTorias DE NegoCEOs” “Historias De Nego CEO’s’ “
Isaac del Toro gana la segunda etapa del Tour de Austria; el mexicano continúa con un gran año en el ciclismo,https://www.eluniversal.com.mx/deportes/isaac-del-toro-gana-la-segunda-etapa-del-tour-de-austria-el-mexicano-continua-con-un-gran-ano-en-el-ciclismo/,"El ciclista mexicanoIsaac del Toroganó la segunda etapa delTour de Austriatras derrotar en el sprint final al estadounidense Andrew August. El oriundo de Ensenada, Baja California continú"
La Liga MX con nueva moda para el Apertura 2025; cambiar de técnico,https://www.eluniversal.com.mx/deportes/la-liga-mx-con-nueva-moda-para-el-apertura-2025-cambiar-de-tecnico/,Nueve clubes—la mitad de laLiga MX—han cambiado de estratega. Dos of los cuatro ‘grandes’ estrenan entrenador. El caso deCruz Azules extraño.
Olympique de Lyon se queda en la Ligue 1; cancelan su descenso por problemas económicos,https://www.eluniversal.com.mx/deportes/olympique-de-lyon-se-queda-en-la-ligue-1-cancelan-su-descenso-por-problemas-economicos/,"Lionel Messi: ""I don't think I've ever been so happy to be part of a team as this one"""
Cazzu se luce cantando en homenaje a Mercedes Sosa mientras su hija Inti presume su nuevo talento,https://www.eluniversal.com.mx/espectaculos/cazzu-se-luce-cantando-en-homenaje-a-mercedes-sosa-mientras-su-hija-inti-presume-su-nuevo-talento/,Cazzu aplaudida en su tierra natal tras participar en un homenaje a la cantautora Mercedes Sosa. Cazzu lo hizo con su versión de “Al jardín of the República
"""No nos moverán"", las consecuencias del 2 de octubre al cine",https://www.eluniversal.com.mx/espectaculos/no-nos-moveran-las-consecuencias-del-2-de-octubre-al-cine/,"“No nos moverán” se filmó en Tlatelolo en 2021. La foto de dos militares, uno de ellos riendo, estuvo en la cabeza del cineastaPierre Saint Martindurante."
El reino de los Supermanes,https://www.eluniversal.com.mx/grafico/espectaculos/el-reino-de-los-supermanes/,Superman (2025) es la mascota de la familia de Superman en Kriptón. Se conocieron en 1930 y en 1933 crearon a Superman e intentaron venderlo sin éxito a las editoriales. Detective Comics (DC) acept
"Roku Streambar en oferta por menos de $1,800: ¿vale la pena?",https://www.eluniversal.com.mx/descubre-y-compra/roku-streambar-en-oferta-por-menos-de-1800-vale-la-pena/,"La Roku Streambar está a mitad de precio por tiempo limitado: $1,762 pesos. Es pequeña, fácil of instalar y mejora dos cosas de una: el audio and el contenido."
"Prime day: iPhone 15 amarillo con 256 GB a precio rebajado y hasta 15 MSI en Amazon México, ¿vale la pena?",https://www.eluniversal.com.mx/descubre-y-compra/prime-day-iphone-15-amarillo-con-256-gb-a-precio-rebajado-y-hasta-15-msi-en-amazon-mexico-vale-la-pena/,"El iPhone 15reacondicionado de 256 GB en color amarillo con un 29% de descuento. Precios rara vez bajan tanto como para llamar la atención, y menos en modelos recientes"
"La pantalla Amazon Fire TV QLED de 75 pulgadas con $10,000 de descuento está volando: ¿conviene aprovechar en Prime Day?",https://www.eluniversal.com.mx/descubre-y-compra/la-pantalla-amazon-fire-tv-qled-de-75-pulgadas-con-10000-de-descuento-esta-volando-conviene-aprovechar-en-prime-day/,Aplica una de sus pantallas más completas: laFire TV Omni. La promoción aplica para miembros Prime.
¡Adiós Christian Horner! el responsable de la salida de Checo Pérez,https://www.eluniversal.com.mx/autopistas/adios-christian-horner-el-responsable-de-la-salida-de-checo-perez/,Christian Horner se despide del equipo que lideró durante two décadas. Horner parecía perder el control de una estructura que hasta hace poco era el más dominante de la Fórmula 1.
Linda Yaccarino deja su cargo como CEO de X,https://www.eluniversal.com.mx/techbit/linda-yaccarino-deja-su-cargo-como-ceo-de-x/,"Linda Yaccarinoha dejado cargo como directora ejecutiva (CEO) deX, la red social deElon Musk. Yaccarinoanunció su salida de la plataforma, agradeciendo aElon"
¿Cuál fue la primera agencia de viajes en México?,https://www.eluniversal.com.mx/destinos/cual-fue-la-primera-agencia-de-viajes-en-mexico/,Hace 80 años se fundó laAsociación Mexicana de Agencias de Viajes. La primeraagencia de viajes en México sentó un precedente importante for el sector turístico nacional
Día Internacional de The Beatles: ¿por qué se conmemora cada 10 de julio?; conoce su origen,https://www.eluniversal.com.mx/tendencias/dia-internacional-de-the-beatles-por-que-se-conmemora-cada-10-de-julio-conoce-su-origen/,"The Beatles, son reconocidos y recordados por sumúsica, estilo e influencia. El10 de juliotiene una carga más simbólica, en esta fecha en el año 1964."
Superman: ¿tiene escenas post créditos la película del DCU?; esto se sabe,https://www.eluniversal.com.mx/tendencias/superman-tiene-escenas-post-creditos-la-pelicula-de-dcu-esto-se-sabe/,"La cinta dirigida byJames Gunn, se acaba de estrenar en todos los cines. Introduce una versión renovada deKal-El, cargada of acción, emoción and elementos clásicos"
“Lady racista”: Maryfer Centeno reacciona a video de Ximena Pichel; “no tiene control de impulsos”,https://www.eluniversal.com.mx/tendencias/lady-racista-maryfer-centeno-reacciona-a-video-de-ximena-pichel-no-tiene-control-de-impulsos/,"Ximena Pichel, conocida como “Lady Racista’, se hiciera viral por insultar con comentariosclasistasyracistasa un agente de tránsito. El caso generóindignaciónentre"
